{"train/loss":4.0909,"train/epoch":0.21645021645021645,"_runtime":42.577751754,"_wandb":{"runtime":59},"train/global_step":100,"_timestamp":1.7447831998841736e+09,"train/grad_norm":0,"train/learning_rate":2.9970620239390642e-05,"_step":1}