{"train/grad_norm":NaN,"_timestamp":1.7447850943243356e+09,"train/global_step":40,"train/loss":5.872,"train/learning_rate":1.0200000000000002e-06,"_step":1,"_wandb":{"runtime":39},"_runtime":29.834130755,"train/epoch":0.11527377521613832}