{"train/global_step":340,"train/grad_norm":0,"train/epoch":1.7171717171717171,"_step":16,"train/loss":1.4405,"train/learning_rate":2.8296675191815857e-05,"_wandb":{"runtime":58},"_runtime":56.442149679,"_timestamp":1.744783077480042e+09}