{"train/loss":0,"_timestamp":1.7447840678327587e+09,"_wandb":{"runtime":155},"_step":3,"train/epoch":0.5763688760806917,"train/grad_norm":NaN,"_runtime":145.714917671,"train/global_step":200,"train/learning_rate":2.8692982456140353e-05}