{"train_runtime": 92.4557, "train_samples_per_second": 24.011, "train_steps_per_second": 1.514, "total_flos": 600917598535680.0, "train_loss": 4.5425262451171875, "train/epoch": 10.0, "train/global_step": 140, "_timestamp": 1744753703.8079221, "_runtime": 91.83767509460449, "_step": 1, "eval/loss": NaN, "eval/f1": 0.0, "eval/runtime": 0.6344, "eval/samples_per_second": 50.44, "eval/steps_per_second": 3.152, "_wandb": {"runtime": 90}}