{"_timestamp":1.7448344115038867e+09,"train/learning_rate":2.955263157894737e-06,"train/loss":0,"train/global_step":280,"_runtime":175.239456148,"train/epoch":0.8069164265129684,"_step":13,"train/grad_norm":NaN,"_wandb":{"runtime":187}}