{"train_runtime": 93.2035, "train_samples_per_second": 1.03, "train_steps_per_second": 0.064, "total_flos": 12992812941312.0, "train_loss": 6.909173965454102, "train/epoch": 3.0, "train/global_step": 6, "_timestamp": 1744752786.4167178, "_runtime": 9.141058683395386, "_step": 1, "eval/loss": NaN, "eval/f1": 0.0, "eval/runtime": 0.2435, "eval/samples_per_second": 131.439, "eval/steps_per_second": 8.215, "_wandb": {"runtime": 8}}