{"train_runtime": 52.7372, "train_samples_per_second": 6.068, "train_steps_per_second": 0.379, "total_flos": 86618752942080.0, "train_loss": 7.249228668212891, "train/epoch": 10.0, "train/global_step": 20, "_timestamp": 1744753148.0764942, "_runtime": 46.87477517127991, "_step": 1, "eval/loss": NaN, "eval/f1": 0.0, "eval/runtime": 0.6301, "eval/samples_per_second": 50.789, "eval/steps_per_second": 3.174, "_wandb": {"runtime": 45}}