{"train/global_step":280,"_timestamp":1.7447848672627635e+09,"train/loss":0,"_runtime":203.057832613,"_step":27,"train/grad_norm":NaN,"_wandb":{"runtime":204},"train/learning_rate":9.84795321637427e-06,"train/epoch":0.8069164265129684}