{"train/loss":0,"train/global_step":800,"_wandb":{"runtime":591},"_step":39,"_timestamp":1.7447859498686264e+09,"_runtime":576.335372959,"train/grad_norm":NaN,"train/learning_rate":2.9543859649122807e-06,"train/epoch":2.3054755043227666}