{"train/global_step":520,"train/loss":0,"train/learning_rate":2.955263157894737e-06,"_timestamp":1.7448357406676307e+09,"_wandb":{"runtime":332},"train/epoch":1.4985590778097984,"_runtime":324.459425163,"train/grad_norm":NaN,"_step":25}