{"train/grad_norm":NaN,"train/learning_rate":9.973684210526316e-06,"_timestamp":1.7447845197903776e+09,"train/loss":0,"train/epoch":0.1729106628242075,"_wandb":{"runtime":40},"_step":5,"_runtime":38.937407018,"train/global_step":60}