{"_wandb":{"runtime":54},"_runtime":45.722216452,"train/loss":0,"train/grad_norm":NaN,"train/epoch":0.1440922190201729,"_step":0,"train/learning_rate":1.9600000000000002e-05,"_timestamp":1.7447843133568523e+09,"train/global_step":50}