{"train/grad_norm":NaN,"train/learning_rate":2.780701754385965e-06,"_timestamp":1.744786395822249e+09,"_runtime":156.151827434,"train/global_step":800,"train/loss":0,"_step":39,"_wandb":{"runtime":159},"train/epoch":2.3054755043227666}