{"_timestamp":1.744754241012967e+09,"train_samples_per_second":28.314,"train_steps_per_second":1.786,"train/epoch":20,"train_runtime":156.8137,"total_flos":1.20183519707136e+15,"_step":29,"train/grad_norm":0,"train/global_step":280,"train/learning_rate":9.391304347826087e-06,"eval/loss":NaN,"eval/samples_per_second":50.6,"eval/runtime":0.6324,"eval/f1":0,"_wandb":{"runtime":156},"_runtime":155.783441224,"train/loss":2.9474,"train_loss":3.455187429700579,"eval/steps_per_second":3.163}