{"train/learning_rate":2.9543859649122806e-05,"train/global_step":550,"train/epoch":1.585014409221902,"_wandb":{"runtime":416},"train/grad_norm":NaN,"_runtime":397.070315335,"_step":10,"_timestamp":1.7447837850697148e+09,"train/loss":0}